game_id,game_date,home_team_id,away_team_id,actual,predicted,proba_home_win,confidence,is_correct
0022500002,2025-10-21,1610612747,1610612744,0,1,0.5381139,0.5381139,False
0022500001,2025-10-21,1610612760,1610612745,1,1,0.5381139,0.5381139,True
0022500087,2025-10-22,1610612762,1610612746,1,1,0.5381139,0.5381139,True
0022500085,2025-10-22,1610612763,1610612740,1,1,0.5381139,0.5381139,True
0022500086,2025-10-22,1610612749,1610612764,1,1,0.5381139,0.5381139,True
0022500089,2025-10-22,1610612757,1610612750,0,1,0.5381139,0.5381139,False
0022500003,2025-10-22,1610612752,1610612739,1,1,0.5381139,0.5381139,True
0022500081,2025-10-22,1610612753,1610612748,1,1,0.5381139,0.5381139,True
0022500004,2025-10-22,1610612742,1610612759,0,1,0.5381139,0.5381139,False
0022500083,2025-10-22,1610612738,1610612755,0,1,0.5381139,0.5381139,False
0022500088,2025-10-22,1610612756,1610612758,0,1,0.5381139,0.5381139,False
0022500084,2025-10-22,1610612741,1610612765,1,1,0.5381139,0.5381139,True
0022500080,2025-10-22,1610612766,1610612751,1,1,0.5381139,0.5381139,True
0022500082,2025-10-22,1610612737,1610612761,0,1,0.5381139,0.5381139,False
0022500006,2025-10-23,1610612744,1610612743,1,1,0.9516035,0.9516035,True
0022500005,2025-10-23,1610612754,1610612760,0,0,0.12885742,0.87114257,True
0022500096,2025-10-24,1610612742,1610612764,0,0,0.31387863,0.68612134,True
0022500098,2025-10-24,1610612758,1610612762,1,0,0.40495574,0.59504426,False
0022500018,2025-10-24,1610612752,1610612738,1,1,0.98310214,0.98310214,True
0022500019,2025-10-24,1610612747,1610612750,1,0,0.027108632,0.9728914,False
0022500090,2025-10-24,1610612753,1610612737,0,1,0.984766,0.984766,False
0022500093,2025-10-24,1610612745,1610612765,0,0,0.4598115,0.5401885,True
0022500097,2025-10-24,1610612757,1610612744,1,0,0.028015407,0.97198457,False
0022500095,2025-10-24,1610612740,1610612759,0,0,0.033782095,0.9662179,True
0022500094,2025-10-24,1610612763,1610612748,0,1,0.97871464,0.97871464,False
0022500092,2025-10-24,1610612761,1610612749,0,1,0.56617343,0.56617343,False
0022500091,2025-10-24,1610612751,1610612739,0,0,0.43246168,0.5675383,True
0022500099,2025-10-24,1610612746,1610612756,1,0,0.35779706,0.642203,False
0022500100,2025-10-25,1610612753,1610612741,0,0,0.09616882,0.9038312,True
0022500103,2025-10-25,1610612763,1610612754,1,1,0.9705756,0.9705756,True
0022500104,2025-10-25,1610612743,1610612756,1,1,0.5089558,0.5089558,True
0022500101,2025-10-25,1610612737,1610612760,0,0,0.08141025,0.9185898,True
0022500102,2025-10-25,1610612755,1610612766,1,0,0.37905675,0.62094325,False
0022500108,2025-10-26,1610612748,1610612752,1,0,0.14201361,0.8579864,False
0022500109,2025-10-26,1610612764,1610612766,0,1,0.60294515,0.60294515,False
0022500110,2025-10-26,1610612750,1610612754,0,1,0.97003,0.97003,False
0022500111,2025-10-26,1610612742,1610612761,1,0,0.06222366,0.9377763,False
0022500105,2025-10-26,1610612759,1610612751,1,1,0.9844789,0.9844789,True
0022500112,2025-10-26,1610612746,1610612757,1,1,0.5647578,0.5647578,True
0022500107,2025-10-26,1610612739,1610612749,1,0,0.11966644,0.88033354,False
0022500113,2025-10-26,1610612758,1610612747,0,1,0.9502691,0.9502691,False
0022500106,2025-10-26,1610612765,1610612738,1,1,0.9800838,0.9800838,True
0022500115,2025-10-27,1610612741,1610612737,1,1,0.97320426,0.97320426,True
0022500120,2025-10-27,1610612762,1610612756,1,1,0.9811292,0.9811292,True
0022500008,2025-10-27,1610612750,1610612743,0,0,0.3750978,0.6249022,True
0022500122,2025-10-27,1610612747,1610612757,0,1,0.8885343,0.8885343,False
0022500117,2025-10-27,1610612740,1610612738,0,0,0.48622158,0.51377845,True
0022500119,2025-10-27,1610612742,1610612760,0,0,0.052005667,0.94799435,True
0022500116,2025-10-27,1610612745,1610612751,1,0,0.39120758,0.6087924,False
0022500121,2025-10-27,1610612744,1610612763,1,1,0.6673212,0.6673212,True
0022500118,2025-10-27,1610612759,1610612761,1,1,0.9682261,0.9682261,True
0022500114,2025-10-27,1610612755,1610612753,1,1,0.9558781,0.9558781,True
0022500124,2025-10-28,1610612748,1610612766,1,1,0.66128546,0.66128546,True
0022500123,2025-10-28,1610612764,1610612755,0,0,0.08442594,0.9155741,True
0022500126,2025-10-28,1610612760,1610612758,1,1,0.9347983,0.9347983,True
0022500125,2025-10-28,1610612749,1610612752,1,1,0.673453,0.673453,True
0022500128,2025-10-29,1610612738,1610612739,1,0,0.19823156,0.8017684,False
0022500130,2025-10-29,1610612751,1610612737,0,0,0.13261575,0.86738425,True
0022500131,2025-10-29,1610612761,1610612745,0,0,0.3979929,0.6020071,True
0022500137,2025-10-29,1610612756,1610612763,0,0,0.07516279,0.92483723,True
0022500132,2025-10-29,1610612741,1610612758,1,1,0.96629447,0.96629447,True
0022500135,2025-10-29,1610612762,1610612757,1,1,0.8710676,0.8710676,True
0022500133,2025-10-29,1610612742,1610612754,1,0,0.3167719,0.68322814,False
0022500129,2025-10-29,1610612765,1610612753,1,1,0.9084858,0.9084858,True
0022500136,2025-10-29,1610612750,1610612747,0,0,0.26220536,0.73779464,True
0022500139,2025-10-30,1610612749,1610612744,1,1,0.5286476,0.5286476,True
0022500141,2025-10-30,1610612759,1610612748,1,1,0.8177158,0.8177158,True
0022500138,2025-10-30,1610612766,1610612753,0,1,0.8665886,0.8665886,False
0022500140,2025-10-30,1610612760,1610612764,1,1,0.96724164,0.96724164,True
0022500027,2025-10-31,1610612746,1610612740,1,1,0.979859,0.979859,True
0022500023,2025-10-31,1610612741,1610612752,1,1,0.93700683,0.93700683,True
0022500025,2025-10-31,1610612756,1610612762,1,0,0.03422182,0.9657782,False
0022500026,2025-10-31,1610612757,1610612743,1,0,0.2696317,0.73036826,False
0022500022,2025-10-31,1610612739,1610612761,0,1,0.8835457,0.8835457,False
0022500024,2025-10-31,1610612763,1610612747,0,1,0.6625073,0.6625073,False
0022500021,2025-10-31,1610612755,1610612738,0,1,0.96843857,0.96843857,False
0022500020,2025-10-31,1610612754,1610612737,0,0,0.43714264,0.5628574,True
0022500142,2025-11-01,1610612749,1610612758,0,1,0.92992663,0.92992663,False
0022500144,2025-11-01,1610612754,1610612744,1,0,0.2639757,0.73602426,False
0022500143,2025-11-01,1610612766,1610612750,0,1,0.82704324,0.82704324,False
0022500145,2025-11-01,1610612764,1610612753,0,0,0.40504992,0.5949501,True
0022500152,2025-11-02,1610612761,1610612763,1,0,0.39467782,0.6053222,False
0022500150,2025-11-02,1610612766,1610612762,1,0,0.25378558,0.7462144,False
0022500155,2025-11-02,1610612747,1610612748,1,1,0.6292037,0.6292037,True
0022500153,2025-11-02,1610612752,1610612741,1,0,0.06486555,0.9351345,False
0022500151,2025-11-02,1610612739,1610612737,1,0,0.46367285,0.5363271,False
0022500154,2025-11-02,1610612756,1610612759,1,0,0.0326569,0.9673431,False
0022500149,2025-11-02,1610612751,1610612755,0,0,0.040046543,0.9599534,True
0022500148,2025-11-02,1610612760,1610612740,1,1,0.98771,0.98771,True
0022500157,2025-11-03,1610612754,1610612749,0,0,0.35987046,0.64012957,True
0022500156,2025-11-03,1610612751,1610612750,0,0,0.10494551,0.89505446,True
0022500161,2025-11-03,1610612763,1610612765,0,0,0.20688742,0.7931126,True
0022500162,2025-11-03,1610612743,1610612758,1,1,0.6896961,0.6896961,True
0022500163,2025-11-03,1610612757,1610612747,0,0,0.44248158,0.5575184,True
0022500158,2025-11-03,1610612738,1610612762,0,1,0.5876618,0.5876618,False
0022500164,2025-11-03,1610612746,1610612748,0,1,0.85984993,0.85984993,False
0022500160,2025-11-03,1610612745,1610612742,1,1,0.6835093,0.6835093,True
0022500159,2025-11-03,1610612752,1610612764,1,1,0.9236904,0.9236904,True
0022500170,2025-11-04,1610612746,1610612760,0,0,0.19723906,0.80276096,True
0022500169,2025-11-04,1610612744,1610612756,1,1,0.86483884,0.86483884,True
0022500165,2025-11-04,1610612761,1610612749,1,0,0.3569678,0.6430322,False
0022500168,2025-11-04,1610612740,1610612766,1,0,0.10049025,0.8995097,False
0022500166,2025-11-04,1610612737,1610612753,1,1,0.5267726,0.5267726,True
0022500167,2025-11-04,1610612741,1610612755,1,1,0.61790603,0.61790603,True
0022500178,2025-11-05,1610612743,1610612748,1,1,0.78445554,0.78445554,True
0022500180,2025-11-05,1610612757,1610612760,1,0,0.0927102,0.9072898,False
0022500171,2025-11-05,1610612739,1610612755,1,0,0.42364734,0.57635266,False
0022500176,2025-11-05,1610612763,1610612745,0,0,0.25986373,0.74013627,True
0022500181,2025-11-05,1610612758,1610612744,1,0,0.48680493,0.51319504,False
0022500172,2025-11-05,1610612765,1610612762,1,1,0.83539045,0.83539045,True
0022500173,2025-11-05,1610612754,1610612751,0,1,0.8796217,0.8796217,False
0022500179,2025-11-05,1610612747,1610612759,1,0,0.41776952,0.58223045,False
0022500177,2025-11-05,1610612742,1610612740,0,1,0.8381427,0.8381427,False
0022500175,2025-11-05,1610612752,1610612750,1,1,0.78075457,0.78075457,True
0022500182,2025-11-06,1610612756,1610612746,1,0,0.27185404,0.72814596,False
0022500036,2025-11-07,1610612750,1610612762,1,0,0.39442527,0.6055747,False
0022500029,2025-11-07,1610612764,1610612739,0,0,0.22415203,0.775848,True
0022500028,2025-11-07,1610612753,1610612738,1,0,0.45595694,0.54404306,False
0022500030,2025-11-07,1610612737,1610612761,0,1,0.6459349,0.6459349,False
0022500037,2025-11-07,1610612743,1610612744,1,1,0.8406396,0.8406396,True
0022500031,2025-11-07,1610612751,1610612765,0,0,0.051004518,0.9489955,True
0022500032,2025-11-07,1610612759,1610612745,1,1,0.7102173,0.7102173,True
0022500035,2025-11-07,1610612749,1610612741,1,0,0.29026574,0.70973426,False
0022500034,2025-11-07,1610612763,1610612742,1,1,0.69383466,0.69383466,True
0022500033,2025-11-07,1610612748,1610612766,1,1,0.7299545,0.7299545,True
0022500038,2025-11-07,1610612758,1610612760,0,0,0.3034637,0.6965363,True
0022500184,2025-11-08,1610612755,1610612761,1,1,0.76029503,0.76029503,True
0022500188,2025-11-08,1610612759,1610612740,1,1,0.9657064,0.9657064,True
0022500187,2025-11-08,1610612748,1610612757,1,1,0.5788295,0.5788295,True
0022500183,2025-11-08,1610612764,1610612742,0,0,0.3484959,0.6515041,True
0022500189,2025-11-08,1610612743,1610612754,1,1,0.94066924,0.94066924,True
0022500186,2025-11-08,1610612739,1610612741,1,0,0.49216893,0.5078311,False
0022500185,2025-11-08,1610612737,1610612747,1,0,0.32076856,0.6792314,False
0022500190,2025-11-08,1610612746,1610612756,0,1,0.6912464,0.6912464,False
0022500197,2025-11-09,1610612758,1610612750,0,1,0.62003744,0.62003744,False
0022500196,2025-11-09,1610612744,1610612754,1,1,0.77916664,0.77916664,True
0022500194,2025-11-09,1610612763,1610612760,0,0,0.08997505,0.91002494,True
0022500191,2025-11-09,1610612749,1610612745,0,1,0.73089516,0.73089516,False
0022500193,2025-11-09,1610612753,1610612738,0,1,0.69711685,0.69711685,False
0022500195,2025-11-09,1610612755,1610612765,0,0,0.3560997,0.6439003,True
0022500199,2025-11-10,1610612765,1610612764,1,1,0.9817988,0.9817988,True
0022500202,2025-11-10,1610612741,1610612759,0,1,0.5361862,0.5361862,False
0022500205,2025-11-10,1610612762,1610612750,0,1,0.5596495,0.5596495,False
0022500204,2025-11-10,1610612756,1610612740,1,1,0.7833784,0.7833784,True
0022500201,2025-11-10,1610612748,1610612739,1,1,0.6247535,0.6247535,True
0022500198,2025-11-10,1610612766,1610612747,0,0,0.40879396,0.5912061,True
0022500203,2025-11-10,1610612742,1610612749,0,0,0.34302065,0.6569793,True
0022500200,2025-11-10,1610612753,1610612757,1,1,0.55770886,0.55770886,True
0022500206,2025-11-10,1610612746,1610612737,0,0,0.3851044,0.6148956,True
0022500208,2025-11-11,1610612752,1610612763,1,1,0.89156246,0.89156246,True
0022500207,2025-11-11,1610612751,1610612761,0,0,0.15237768,0.84762233,True
0022500210,2025-11-11,1610612760,1610612744,1,1,0.9344462,0.9344462,True
0022500212,2025-11-11,1610612758,1610612743,0,0,0.22712329,0.77287674,True
0022500211,2025-11-11,1610612762,1610612754,1,1,0.7459312,0.7459312,True
0022500209,2025-11-11,1610612755,1610612738,1,1,0.8245346,0.8245346,True
0022500219,2025-11-12,1610612740,1610612757,0,0,0.33063605,0.669364,True
0022500214,2025-11-12,1610612765,1610612741,1,1,0.8628444,0.8628444,True
0022500224,2025-11-12,1610612746,1610612743,0,0,0.18359578,0.8164042,True
0022500216,2025-11-12,1610612738,1610612763,1,1,0.66403073,0.66403073,True
0022500221,2025-11-12,1610612742,1610612756,0,0,0.42900124,0.5709988,True
0022500213,2025-11-12,1610612766,1610612749,1,0,0.31833917,0.68166083,False
0022500220,2025-11-12,1610612759,1610612744,0,1,0.93568546,0.93568546,False
0022500223,2025-11-12,1610612758,1610612737,0,0,0.26526818,0.7347318,True
0022500222,2025-11-12,1610612760,1610612747,1,1,0.7400467,0.7400467,True
0022500215,2025-11-12,1610612752,1610612753,0,1,0.8506268,0.8506268,False
0022500217,2025-11-12,1610612748,1610612739,0,1,0.7382724,0.7382724,False
0022500218,2025-11-12,1610612745,1610612764,1,1,0.97873914,0.97873914,True
0022500226,2025-11-13,1610612756,1610612754,1,1,0.9028585,0.9028585,True
0022500227,2025-11-13,1610612762,1610612737,0,0,0.45333904,0.54666096,True
0022500225,2025-11-13,1610612739,1610612761,0,1,0.8468016,0.8468016,False
0022500042,2025-11-14,1610612745,1610612757,1,1,0.845636,0.845636,True
0022500039,2025-11-14,1610612752,1610612748,1,1,0.64375937,0.64375937,True
0022500047,2025-11-14,1610612759,1610612744,0,1,0.9046286,0.9046286,False
0022500040,2025-11-14,1610612753,1610612751,1,1,0.9628997,0.9628997,True
0022500046,2025-11-14,1610612742,1610612746,0,1,0.65079176,0.65079176,False
0022500045,2025-11-14,1610612740,1610612747,0,0,0.12853275,0.87146723,True
0022500041,2025-11-14,1610612765,1610612755,1,1,0.8621841,0.8621841,True
0022500044,2025-11-14,1610612750,1610612758,1,1,0.89016646,0.89016646,True
0022500043,2025-11-14,1610612749,1610612766,1,1,0.8229152,0.8229152,True
0022500228,2025-11-15,1610612739,1610612763,1,1,0.91709244,0.91709244,True
0022500231,2025-11-15,1610612749,1610612747,0,1,0.56643945,0.56643945,False
0022500229,2025-11-15,1610612766,1610612760,0,0,0.043923207,0.9560768,True
0022500232,2025-11-15,1610612750,1610612743,0,0,0.36183086,0.63816917,True
0022500230,2025-11-15,1610612754,1610612761,0,0,0.19532457,0.80467546,True
0022500236,2025-11-16,1610612745,1610612753,1,1,0.7668629,0.7668629,True
0022500237,2025-11-16,1610612740,1610612744,0,0,0.2233388,0.7766612,True
0022500233,2025-11-16,1610612738,1610612746,1,1,0.7431049,0.7431049,True
0022500234,2025-11-16,1610612759,1610612758,1,1,0.94080806,0.94080806,True
0022500235,2025-11-16,1610612764,1610612751,0,1,0.5930744,0.5930744,False
0022500240,2025-11-16,1610612762,1610612741,1,0,0.4277478,0.5722522,False
0022500239,2025-11-16,1610612756,1610612737,0,1,0.5600706,0.5600706,False
0022500238,2025-11-16,1610612742,1610612757,1,0,0.46708894,0.53291106,False
0022500242,2025-11-17,1610612765,1610612754,1,1,0.9853139,0.9853139,True
0022500244,2025-11-17,1610612748,1610612752,1,1,0.5136813,0.5136813,True
0022500243,2025-11-17,1610612755,1610612746,1,1,0.83933336,0.83933336,True
0022500241,2025-11-17,1610612739,1610612749,1,1,0.8280641,0.8280641,True
0022500247,2025-11-17,1610612740,1610612760,0,0,0.032882083,0.9671179,True
0022500248,2025-11-17,1610612743,1610612741,0,1,0.9497301,0.9497301,False
0022500246,2025-11-17,1610612750,1610612742,1,1,0.84936535,0.84936535,True
0022500245,2025-11-17,1610612761,1610612766,1,1,0.9528228,0.9528228,True
0022500252,2025-11-18,1610612759,1610612763,1,1,0.9051504,0.9051504,True
0022500254,2025-11-18,1610612757,1610612756,0,0,0.3685516,0.6314484,True
0022500251,2025-11-18,1610612737,1610612765,0,0,0.31560463,0.6843954,True
0022500253,2025-11-18,1610612747,1610612762,1,1,0.9130259,0.9130259,True
0022500250,2025-11-18,1610612751,1610612738,0,0,0.18002023,0.8199798,True
0022500249,2025-11-18,1610612753,1610612744,1,1,0.76116395,0.76116395,True
0022500260,2025-11-19,1610612740,1610612743,0,0,0.053586088,0.94641393,True
0022500258,2025-11-19,1610612755,1610612761,0,0,0.25348905,0.746511,True
0022500263,2025-11-19,1610612757,1610612741,0,0,0.4097392,0.5902608,True
0022500262,2025-11-19,1610612742,1610612752,0,0,0.4132439,0.5867561,True
0022500256,2025-11-19,1610612754,1610612766,1,0,0.3522381,0.64776194,False
0022500257,2025-11-19,1610612748,1610612744,1,1,0.6950642,0.6950642,True
0022500261,2025-11-19,1610612760,1610612758,1,1,0.97958976,0.97958976,True
0022500255,2025-11-19,1610612739,1610612745,0,0,0.41688246,0.58311754,True
0022500259,2025-11-19,1610612750,1610612764,1,1,0.9830252,0.9830252,True
0022500266,2025-11-20,1610612749,1610612755,0,1,0.56888014,0.56888014,False
0022500265,2025-11-20,1610612763,1610612758,1,0,0.4200263,0.5799737,False
0022500267,2025-11-20,1610612759,1610612737,1,1,0.56826633,0.56826633,True
0022500264,2025-11-20,1610612753,1610612746,1,1,0.96250254,0.96250254,True
0022500052,2025-11-21,1610612742,1610612740,1,1,0.5611096,0.5611096,True
0022500053,2025-11-21,1610612756,1610612750,1,1,0.5935848,0.5935848,True
0022500048,2025-11-21,1610612739,1610612754,1,1,0.96228844,0.96228844,True
0022500055,2025-11-21,1610612762,1610612760,0,0,0.11450627,0.88549376,True
0022500051,2025-11-21,1610612741,1610612748,0,0,0.43639085,0.5636091,True
0022500049,2025-11-21,1610612738,1610612751,0,1,0.9742158,0.9742158,False
0022500054,2025-11-21,1610612745,1610612743,0,1,0.79714596,0.79714596,False
0022500056,2025-11-21,1610612744,1610612757,0,1,0.8249423,0.8249423,False
0022500050,2025-11-21,1610612761,1610612764,1,1,0.983567,0.983567,True
0022500273,2025-11-22,1610612742,1610612763,1,1,0.67208546,0.67208546,True
0022500272,2025-11-22,1610612749,1610612765,0,0,0.04201545,0.95798457,True
0022500268,2025-11-22,1610612766,1610612746,0,1,0.6619032,0.6619032,False
0022500271,2025-11-22,1610612741,1610612764,1,1,0.9366076,0.9366076,True
0022500270,2025-11-22,1610612740,1610612737,0,0,0.21553384,0.78446615,True
0022500269,2025-11-22,1610612753,1610612752,1,1,0.6907247,0.6907247,True
0022500274,2025-11-22,1610612743,1610612758,0,1,0.987147,0.987147,False
0022500276,2025-11-23,1610612737,1610612766,1,1,0.95919204,0.95919204,True
0022500277,2025-11-23,1610612738,1610612753,1,1,0.60270613,0.60270613,True
0022500280,2025-11-23,1610612760,1610612757,1,1,0.9554813,0.9554813,True
0022500275,2025-11-23,1610612755,1610612748,0,0,0.3868432,0.6131568,True
0022500281,2025-11-23,1610612756,1610612759,1,1,0.82591856,0.82591856,True
0022500282,2025-11-23,1610612762,1610612747,0,0,0.15022539,0.8497746,True
0022500278,2025-11-23,1610612739,1610612746,1,1,0.95842016,0.95842016,True
0022500279,2025-11-23,1610612761,1610612751,1,1,0.97521245,0.97521245,True
0022500283,2025-11-24,1610612754,1610612765,0,0,0.047370218,0.9526298,True
0022500291,2025-11-24,1610612744,1610612762,1,1,0.7003371,0.7003371,True
0022500292,2025-11-24,1610612758,1610612750,1,0,0.07436014,0.92563987,False
0022500287,2025-11-24,1610612763,1610612743,0,0,0.08659423,0.9134058,True
0022500290,2025-11-24,1610612756,1610612745,0,0,0.46431756,0.53568244,True
0022500286,2025-11-24,1610612748,1610612742,1,1,0.86396474,0.86396474,True
0022500285,2025-11-24,1610612751,1610612752,0,0,0.26016074,0.73983926,True
0022500284,2025-11-24,1610612761,1610612739,1,1,0.83483815,0.83483815,True
0022500289,2025-11-24,1610612740,1610612741,1,0,0.18142925,0.81857073,False
0022500288,2025-11-24,1610612749,1610612757,0,1,0.6155342,0.6155342,False
0022500059,2025-11-25,1610612747,1610612746,1,1,0.96610147,0.96610147,True
0022500057,2025-11-25,1610612764,1610612737,1,0,0.06343365,0.93656635,False
0022500058,2025-11-25,1610612755,1610612753,0,0,0.3620244,0.6379756,True
0022500064,2025-11-26,1610612760,1610612750,1,1,0.89925265,0.89925265,True
0022500062,2025-11-26,1610612748,1610612749,1,1,0.9707756,0.9707756,True
0022500067,2025-11-26,1610612757,1610612759,0,0,0.30837506,0.69162494,True
0022500060,2025-11-26,1610612738,1610612765,1,0,0.3648439,0.6351561,False
0022500061,2025-11-26,1610612766,1610612752,0,0,0.08019176,0.91980827,True
0022500068,2025-11-26,1610612758,1610612756,0,0,0.07075689,0.9292431,True
0022500066,2025-11-26,1610612744,1610612745,0,0,0.30714703,0.692853,True
0022500065,2025-11-26,1610612740,1610612763,0,0,0.3630939,0.6369061,True
0022500063,2025-11-26,1610612761,1610612754,1,1,0.9855473,0.9855473,True
0022500079,2025-11-28,1610612746,1610612763,0,0,0.37915224,0.62084776,True
0022500070,2025-11-28,1610612751,1610612755,0,0,0.4138652,0.5861348,True
0022500071,2025-11-28,1610612766,1610612741,1,0,0.28024337,0.7197566,False
0022500074,2025-11-28,1610612752,1610612749,1,1,0.9680389,0.9680389,True
0022500069,2025-11-28,1610612737,1610612739,1,1,0.749905,0.749905,True
0022500076,2025-11-28,1610612743,1610612759,0,1,0.75403345,0.75403345,False
0022500072,2025-11-28,1610612765,1610612753,0,1,0.77042174,0.77042174,False
0022500075,2025-11-28,1610612760,1610612756,1,1,0.83309287,0.83309287,True
0022500073,2025-11-28,1610612754,1610612764,1,1,0.5326445,0.5326445,True
0022500077,2025-11-28,1610612762,1610612758,1,1,0.62980807,0.62980807,True
0022500078,2025-11-28,1610612747,1610612742,1,1,0.9162295,0.9162295,True
0022500299,2025-11-29,1610612756,1610612743,0,1,0.63868034,0.63868034,False
0022500293,2025-11-29,1610612750,1610612738,1,1,0.61360556,0.61360556,True
0022500295,2025-11-29,1610612754,1610612741,1,0,0.43145043,0.5685496,False
0022500300,2025-11-29,1610612746,1610612742,0,0,0.3760433,0.6239567,True
0022500297,2025-11-29,1610612749,1610612751,1,0,0.42984697,0.570153,False
0022500296,2025-11-29,1610612748,1610612765,0,1,0.75660694,0.75660694,False
0022500294,2025-11-29,1610612766,1610612761,1,0,0.04575034,0.9542497,False
0022500298,2025-11-29,1610612744,1610612740,1,1,0.95081717,0.95081717,True
0022500304,2025-11-30,1610612755,1610612737,0,0,0.4557747,0.54422534,True
0022500305,2025-11-30,1610612757,1610612760,0,0,0.0998832,0.9001168,True
0022500307,2025-11-30,1610612758,1610612763,0,0,0.4242772,0.5757228,True
0022500301,2025-11-30,1610612762,1610612745,0,0,0.10355934,0.8964407,True
0022500302,2025-11-30,1610612739,1610612738,0,1,0.5346716,0.5346716,False
0022500308,2025-11-30,1610612747,1610612740,1,1,0.9802694,0.9802694,True
0022500306,2025-11-30,1610612750,1610612759,1,0,0.4815535,0.5184465,False
0022500303,2025-11-30,1610612752,1610612761,1,0,0.3044768,0.6955232,False
0022500314,2025-12-01,1610612753,1610612741,1,1,0.9747098,0.9747098,True
0022500310,2025-12-01,1610612754,1610612739,0,0,0.46465263,0.53534734,True
0022500315,2025-12-01,1610612743,1610612742,0,1,0.91068685,0.91068685,False
0022500313,2025-12-01,1610612748,1610612746,1,1,0.9685866,0.9685866,True
0022500317,2025-12-01,1610612747,1610612756,0,1,0.87775356,0.87775356,False
0022500309,2025-12-01,1610612765,1610612737,1,1,0.7036232,0.7036232,True
0022500316,2025-12-01,1610612762,1610612745,1,0,0.11978729,0.8802127,False
0022500312,2025-12-01,1610612751,1610612766,1,0,0.46358603,0.53641397,False
0022500311,2025-12-01,1610612764,1610612749,1,0,0.39519522,0.60480475,False
0022500323,2025-12-02,1610612744,1610612760,0,0,0.1794133,0.8205867,True
0022500322,2025-12-02,1610612759,1610612763,1,1,0.79329544,0.79329544,True
0022500318,2025-12-02,1610612755,1610612764,1,1,0.80172366,0.80172366,True
0022500319,2025-12-02,1610612761,1610612757,1,1,0.94165826,0.94165826,True
0022500320,2025-12-02,1610612738,1610612752,1,1,0.6028123,0.6028123,True
0022500321,2025-12-02,1610612740,1610612750,0,0,0.14786875,0.85213125,True
0022500331,2025-12-03,1610612749,1610612765,1,0,0.055119567,0.9448804,False
0022500328,2025-12-03,1610612752,1610612766,1,1,0.9400881,0.9400881,True
0022500327,2025-12-03,1610612737,1610612746,0,1,0.9305351,0.9305351,False
0022500325,2025-12-03,1610612754,1610612743,0,0,0.30476862,0.6952314,True
0022500330,2025-12-03,1610612745,1610612758,1,1,0.97080326,0.97080326,True
0022500324,2025-12-03,1610612739,1610612757,0,1,0.85190433,0.85190433,False
0022500326,2025-12-03,1610612753,1610612759,0,1,0.8883832,0.8883832,False
0022500332,2025-12-03,1610612742,1610612748,1,0,0.3637016,0.6362984,False
0022500329,2025-12-03,1610612741,1610612751,0,1,0.6842475,0.6842475,False
0022500334,2025-12-04,1610612764,1610612738,0,0,0.15649234,0.84350765,True
0022500333,2025-12-04,1610612755,1610612744,1,1,0.62580574,0.62580574,True
0022500337,2025-12-04,1610612740,1610612750,0,0,0.14007276,0.85992724,True
0022500336,2025-12-04,1610612761,1610612747,0,1,0.5681899,0.5681899,False
0022500335,2025-12-04,1610612751,1610612762,0,0,0.49491632,0.5050837,True
0022500340,2025-12-05,1610612737,1610612743,0,0,0.43466136,0.5653386,True
0022500347,2025-12-05,1610612763,1610612746,1,1,0.8177308,0.8177308,True
0022500342,2025-12-05,1610612765,1610612757,1,1,0.91046405,0.91046405,True
0022500348,2025-12-05,1610612749,1610612755,0,0,0.23015648,0.7698435,True
0022500344,2025-12-05,1610612761,1610612766,0,1,0.9633805,0.9633805,False
0022500343,2025-12-05,1610612752,1610612762,1,1,0.89405113,0.89405113,True
0022500339,2025-12-05,1610612753,1610612748,1,1,0.5933195,0.5933195,True
0022500341,2025-12-05,1610612739,1610612759,1,0,0.44381517,0.5561848,False
0022500346,2025-12-05,1610612745,1610612756,1,1,0.8972848,0.8972848,True
0022500345,2025-12-05,1610612741,1610612754,0,1,0.62649417,0.62649417,False
0022500349,2025-12-05,1610612760,1610612742,1,1,0.9436255,0.9436255,True
0022500338,2025-12-05,1610612738,1610612747,1,1,0.625304,0.625304,True
0022500352,2025-12-06,1610612739,1610612744,0,1,0.6926538,0.6926538,False
0022500350,2025-12-06,1610612751,1610612740,1,1,0.88918316,0.88918316,True
0022500354,2025-12-06,1610612748,1610612758,0,1,0.9667399,0.9667399,False
0022500353,2025-12-06,1610612765,1610612749,1,1,0.96956694,0.96956694,True
0022500355,2025-12-06,1610612750,1610612746,1,1,0.9283412,0.9283412,True
0022500356,2025-12-06,1610612742,1610612745,1,0,0.27825126,0.7217487,False
0022500351,2025-12-06,1610612764,1610612737,0,0,0.33965746,0.6603426,True
0022500358,2025-12-07,1610612761,1610612738,0,0,0.34869105,0.65130895,True
0022500360,2025-12-07,1610612763,1610612757,1,1,0.7980803,0.7980803,True
0022500357,2025-12-07,1610612752,1610612753,1,1,0.6015973,0.6015973,True
0022500363,2025-12-07,1610612762,1610612760,0,0,0.103908025,0.896092,True
0022500361,2025-12-07,1610612741,1610612744,0,0,0.4141542,0.5858458,True
0022500359,2025-12-07,1610612766,1610612743,0,0,0.2697162,0.7302838,True
0022500362,2025-12-07,1610612755,1610612747,0,1,0.5404237,0.5404237,False
0022500365,2025-12-08,1610612750,1610612756,0,1,0.85614073,0.85614073,False
0022500364,2025-12-08,1610612754,1610612758,1,1,0.74094975,0.74094975,True
0022500366,2025-12-08,1610612740,1610612759,0,0,0.077804156,0.92219585,True
0022501202,2025-12-09,1610612761,1610612752,0,0,0.2012269,0.7987731,True
0022501201,2025-12-09,1610612753,1610612748,1,1,0.7060554,0.7060554,True
0022501204,2025-12-10,1610612747,1610612759,0,1,0.7501886,0.7501886,False
0022501203,2025-12-10,1610612760,1610612756,1,1,0.95011026,0.95011026,True
0022501208,2025-12-11,1610612758,1610612743,0,0,0.21055198,0.789448,True
0022501207,2025-12-11,1610612740,1610612757,1,0,0.30399543,0.69600457,False
0022501205,2025-12-11,1610612745,1610612746,1,1,0.9641854,0.9641854,True
0022501206,2025-12-11,1610612749,1610612738,1,0,0.045190733,0.95480925,False
0022501212,2025-12-12,1610612764,1610612739,0,0,0.23155445,0.76844555,True
0022501214,2025-12-12,1610612742,1610612751,1,1,0.8278663,0.8278663,True
0022501211,2025-12-12,1610612755,1610612754,1,1,0.629773,0.629773,True
0022501215,2025-12-12,1610612744,1610612750,0,0,0.4013821,0.5986179,True
0022501213,2025-12-12,1610612763,1610612762,0,1,0.88370323,0.88370323,False
0022501209,2025-12-12,1610612766,1610612741,0,1,0.6513077,0.6513077,False
0022501210,2025-12-12,1610612765,1610612737,1,1,0.83507615,0.83507615,True
0022501223,2025-12-14,1610612741,1610612740,0,1,0.51903254,0.51903254,False
0022501221,2025-12-14,1610612757,1610612744,1,0,0.41499564,0.5850043,False
0022501218,2025-12-14,1610612739,1610612766,0,1,0.84729236,0.84729236,False
0022501219,2025-12-14,1610612751,1610612749,1,1,0.70161974,0.70161974,True
0022501216,2025-12-14,1610612754,1610612764,0,1,0.8163702,0.8163702,False
0022501220,2025-12-14,1610612750,1610612758,1,1,0.88812417,0.88812417,True
0022501228,2025-12-14,1610612756,1610612747,0,0,0.33343142,0.6665686,True
0022501217,2025-12-14,1610612737,1610612755,1,0,0.49577862,0.5042214,False
0022501227,2025-12-15,1610612748,1610612761,0,1,0.6647062,0.6647062,False
0022501224,2025-12-15,1610612762,1610612742,1,0,0.30075896,0.69924104,False
0022501226,2025-12-15,1610612746,1610612763,0,0,0.15332547,0.84667456,True
0022501225,2025-12-15,1610612743,1610612745,1,1,0.5591265,0.5591265,True
0022501222,2025-12-15,1610612738,1610612765,0,1,0.55381584,0.55381584,False
0022500367,2025-12-17,1610612741,1610612739,1,0,0.2432892,0.75671077,False
0022500368,2025-12-17,1610612750,1610612763,0,1,0.7524885,0.7524885,False
0022500370,2025-12-18,1610612759,1610612764,1,1,0.9216063,0.9216063,True
0022500372,2025-12-18,1610612754,1610612752,0,0,0.15039134,0.84960866,True
0022500369,2025-12-18,1610612760,1610612746,1,1,0.9898385,0.9898385,True
0022500377,2025-12-18,1610612743,1610612753,1,1,0.55232185,0.55232185,True
0022500379,2025-12-18,1610612762,1610612747,0,0,0.37237474,0.6276252,True
0022500376,2025-12-18,1610612742,1610612765,1,0,0.47796175,0.5220382,False
0022500378,2025-12-18,1610612756,1610612744,1,1,0.5314522,0.5314522,True
0022500373,2025-12-18,1610612751,1610612748,0,1,0.585441,0.585441,False
0022500374,2025-12-18,1610612749,1610612761,0,0,0.38726974,0.61273026,True
0022500375,2025-12-18,1610612740,1610612745,1,0,0.2512466,0.7487534,False
0022500380,2025-12-18,1610612757,1610612758,1,1,0.63700646,0.63700646,True
0022500371,2025-12-18,1610612766,1610612737,1,0,0.3985035,0.60149646,False
0022500381,2025-12-19,1610612738,1610612748,1,1,0.8879257,0.8879257,True
0022500385,2025-12-19,1610612750,1610612760,1,0,0.24778268,0.7522173,False
0022500382,2025-12-19,1610612752,1610612755,0,1,0.8949482,0.8949482,False
0022500384,2025-12-19,1610612739,1610612741,0,1,0.6985775,0.6985775,False
0022500391,2025-12-20,1610612763,1610612764,0,1,0.9336895,0.9336895,False
0022500387,2025-12-20,1610612755,1610612742,1,1,0.6835739,0.6835739,True
0022500395,2025-12-20,1610612746,1610612747,1,0,0.06765293,0.93234706,False
0022500392,2025-12-20,1610612744,1610612756,1,1,0.6566561,0.6566561,True
0022500394,2025-12-20,1610612758,1610612757,0,0,0.3078983,0.6921017,True
0022500386,2025-12-20,1610612743,1610612745,0,1,0.85223126,0.85223126,False
0022500388,2025-12-20,1610612761,1610612738,0,0,0.36618894,0.63381106,True
0022500393,2025-12-20,1610612762,1610612753,0,1,0.5828108,0.5828108,False
0022500390,2025-12-20,1610612765,1610612766,1,1,0.7660827,0.7660827,True
0022500389,2025-12-20,1610612740,1610612754,1,1,0.60232264,0.60232264,True
0022500400,2025-12-21,1610612750,1610612749,1,1,0.9698327,0.9698327,True
0022500397,2025-12-21,1610612751,1610612761,1,1,0.7465388,0.7465388,True
0022500396,2025-12-21,1610612737,1610612741,0,1,0.7497815,0.7497815,False
0022500398,2025-12-21,1610612752,1610612748,1,1,0.9554391,0.9554391,True
0022500399,2025-12-21,1610612764,1610612759,0,0,0.28249085,0.71750915,True
0022500401,2025-12-21,1610612758,1610612745,0,0,0.11340721,0.8865928,True
0022500408,2025-12-22,1610612757,1610612765,0,0,0.32781047,0.67218953,True
0022500404,2025-12-22,1610612740,1610612742,1,0,0.48755726,0.5124427,False
0022500402,2025-12-22,1610612739,1610612766,1,0,0.43486944,0.5651306,False
0022500403,2025-12-22,1610612738,1610612754,1,1,0.87593657,0.87593657,True
0022500406,2025-12-22,1610612760,1610612763,1,1,0.8415798,0.8415798,True
0022500405,2025-12-22,1610612743,1610612762,1,1,0.8381654,0.8381654,True
0022500407,2025-12-22,1610612744,1610612753,1,0,0.36730033,0.63269967,False
0022500420,2025-12-23,1610612757,1610612753,0,0,0.38023376,0.61976624,True
0022500418,2025-12-23,1610612756,1610612747,1,0,0.25029388,0.74970615,False
0022500422,2025-12-23,1610612746,1610612745,1,0,0.15687051,0.8431295,False
0022500415,2025-12-23,1610612742,1610612743,1,1,0.50391346,0.50391346,True
0022500416,2025-12-23,1610612750,1610612752,1,1,0.59637326,0.59637326,True
0022500421,2025-12-23,1610612758,1610612765,0,0,0.058430728,0.94156927,True
0022500417,2025-12-23,1610612759,1610612760,1,0,0.3813996,0.61860037,False
0022500411,2025-12-23,1610612737,1610612741,0,1,0.60988593,0.60988593,False
0022500413,2025-12-23,1610612754,1610612749,0,1,0.615714,0.615714,False
0022500409,2025-12-23,1610612766,1610612764,1,1,0.71331257,0.71331257,True
0022500412,2025-12-23,1610612739,1610612740,1,0,0.442354,0.55764604,False
0022500414,2025-12-23,1610612748,1610612761,0,1,0.53567153,0.53567153,False
0022500419,2025-12-23,1610612762,1610612763,0,0,0.42300633,0.5769937,True
0022500410,2025-12-23,1610612755,1610612751,0,1,0.8444996,0.8444996,False
0022500009,2025-12-25,1610612752,1610612739,0,1,0.8776685,0.8776685,False
0022500011,2025-12-25,1610612744,1610612742,1,1,0.50791675,0.50791675,True
0022500010,2025-12-25,1610612760,1610612759,0,1,0.542835,0.542835,False
0022500013,2025-12-25,1610612743,1610612750,1,0,0.44851363,0.5514864,False
0022500429,2025-12-26,1610612740,1610612756,0,1,0.7424205,0.7424205,False
0022500423,2025-12-26,1610612737,1610612748,0,1,0.68118244,0.68118244,False
0022500427,2025-12-26,1610612741,1610612755,1,1,0.5217044,0.5217044,True
0022500426,2025-12-26,1610612754,1610612738,0,0,0.038410228,0.96158975,True
0022500424,2025-12-26,1610612753,1610612766,0,1,0.7998126,0.7998126,False
0022500430,2025-12-26,1610612762,1610612765,1,0,0.23306035,0.76693964,False
0022500431,2025-12-26,1610612757,1610612746,0,1,0.7015434,0.7015434,False
0022500428,2025-12-26,1610612763,1610612749,1,1,0.83118653,0.83118653,True
0022500425,2025-12-26,1610612764,1610612761,1,0,0.45623228,0.5437677,False
0022500438,2025-12-27,1610612745,1610612739,1,1,0.6578803,0.6578803,True
0022500436,2025-12-27,1610612748,1610612754,1,1,0.57746243,0.57746243,True
0022500440,2025-12-27,1610612759,1610612762,0,1,0.9328902,0.9328902,False
0022500437,2025-12-27,1610612741,1610612749,0,1,0.8969846,0.8969846,False
0022500434,2025-12-27,1610612740,1610612756,0,1,0.66861725,0.66861725,False
0022500435,2025-12-27,1610612737,1610612752,0,0,0.264805,0.73519504,True
0022500432,2025-12-27,1610612758,1610612742,1,0,0.24165097,0.75834906,False
0022500439,2025-12-27,1610612750,1610612751,0,1,0.74331206,0.74331206,False
0022500433,2025-12-27,1610612753,1610612743,1,0,0.23651136,0.76348865,False
0022500441,2025-12-28,1610612761,1610612744,1,0,0.26328725,0.73671275,False
0022500446,2025-12-28,1610612747,1610612758,1,1,0.8203638,0.8203638,True
0022500445,2025-12-28,1610612746,1610612765,1,0,0.2783143,0.7216857,False
0022500444,2025-12-28,1610612757,1610612738,1,0,0.18232961,0.8176704,False
0022500443,2025-12-28,1610612764,1610612763,1,0,0.3082031,0.6917969,False
0022500442,2025-12-28,1610612760,1610612755,1,1,0.7392298,0.7392298,True
0022500454,2025-12-29,1610612740,1610612752,0,0,0.39820376,0.60179627,True
0022500450,2025-12-29,1610612748,1610612743,1,0,0.3611348,0.63886523,False
0022500448,2025-12-29,1610612764,1610612756,0,0,0.40729713,0.59270287,True
0022500453,2025-12-29,1610612745,1610612754,1,1,0.94285655,0.94285655,True
0022500456,2025-12-29,1610612759,1610612739,0,1,0.9191169,0.9191169,False
0022500452,2025-12-29,1610612741,1610612750,0,1,0.6834081,0.6834081,False
0022500451,2025-12-29,1610612761,1610612753,0,0,0.4723135,0.5276865,True
0022500455,2025-12-29,1610612760,1610612737,1,1,0.9677088,0.9677088,True
0022500457,2025-12-29,1610612757,1610612742,1,1,0.56635696,0.56635696,True
0022500449,2025-12-29,1610612751,1610612744,0,1,0.82019424,0.82019424,False
0022500447,2025-12-29,1610612766,1610612749,0,1,0.69095325,0.69095325,False
0022500458,2025-12-30,1610612763,1610612755,0,1,0.8110838,0.8110838,False
0022500460,2025-12-30,1610612747,1610612765,0,0,0.42107192,0.5789281,True
0022500459,2025-12-30,1610612762,1610612738,0,0,0.3789422,0.6210578,True
0022500461,2025-12-30,1610612746,1610612758,1,1,0.84734726,0.84734726,True
0022500464,2025-12-31,1610612754,1610612753,0,0,0.120363116,0.8796369,True
0022500470,2025-12-31,1610612760,1610612757,1,1,0.84210163,0.84210163,True
0022500465,2025-12-31,1610612739,1610612756,1,1,0.53929996,0.53929996,True
0022500463,2025-12-31,1610612737,1610612750,1,0,0.22919834,0.77080166,False
0022500466,2025-12-31,1610612741,1610612740,1,1,0.76575154,0.76575154,True
0022500467,2025-12-31,1610612759,1610612752,1,1,0.5967705,0.5967705,True
0022500468,2025-12-31,1610612761,1610612743,0,0,0.4339911,0.5660089,True
0022500469,2025-12-31,1610612749,1610612764,0,1,0.53790355,0.53790355,False
0022500462,2025-12-31,1610612766,1610612744,0,1,0.5340129,0.5340129,False
0022500473,2026-01-01,1610612742,1610612755,0,1,0.5218473,0.5218473,False
0022500474,2026-01-01,1610612758,1610612738,0,0,0.091839015,0.908161,True
0022500475,2026-01-01,1610612746,1610612762,1,1,0.7249494,0.7249494,True
0022500471,2026-01-01,1610612751,1610612745,0,1,0.5110007,0.5110007,False
0022500472,2026-01-01,1610612765,1610612748,0,1,0.85228425,0.85228425,False
0022500478,2026-01-02,1610612739,1610612743,1,1,0.67428136,0.67428136,True
0022500480,2026-01-02,1610612741,1610612753,1,1,0.7770038,0.7770038,True
0022500481,2026-01-02,1610612749,1610612766,0,1,0.5406386,0.5406386,False
0022500477,2026-01-02,1610612764,1610612751,1,1,0.7420553,0.7420553,True
0022500483,2026-01-02,1610612756,1610612758,1,1,0.97885466,0.97885466,True
0022500476,2026-01-02,1610612754,1610612759,0,0,0.049224257,0.95077574,True
0022500484,2026-01-02,1610612744,1610612760,0,1,0.5445172,0.5445172,False
0022500482,2026-01-02,1610612740,1610612757,0,1,0.5904234,0.5904234,False
0022500485,2026-01-02,1610612747,1610612763,1,0,0.48311618,0.51688385,False
0022500479,2026-01-02,1610612752,1610612737,0,1,0.88379365,0.88379365,False
0022500491,2026-01-03,1610612742,1610612745,1,0,0.24102727,0.75897276,False
0022500490,2026-01-03,1610612759,1610612757,0,1,0.84700036,0.84700036,False
0022500486,2026-01-03,1610612748,1610612750,0,1,0.5445466,0.5445466,False
0022500487,2026-01-03,1610612752,1610612755,0,1,0.6822173,0.6822173,False
0022500489,2026-01-03,1610612741,1610612766,0,1,0.84357774,0.84357774,False
0022500488,2026-01-03,1610612761,1610612737,1,1,0.7540302,0.7540302,True
0022500493,2026-01-03,1610612746,1610612738,0,1,0.519351,0.519351,False
0022500492,2026-01-03,1610612744,1610612762,1,1,0.7094092,0.7094092,True
0022500497,2026-01-04,1610612748,1610612740,1,1,0.7341388,0.7341388,True
0022500494,2026-01-04,1610612739,1610612765,0,1,0.63950574,0.63950574,False
0022500496,2026-01-04,1610612751,1610612743,1,1,0.5430732,0.5430732,True
0022500499,2026-01-04,1610612756,1610612760,0,1,0.57708496,0.57708496,False
0022500495,2026-01-04,1610612753,1610612754,1,1,0.9748834,0.9748834,True
0022500500,2026-01-04,1610612758,1610612749,0,0,0.21529071,0.7847093,True
0022500501,2026-01-04,1610612747,1610612763,1,1,0.6250347,0.6250347,True
0022500509,2026-01-05,1610612757,1610612762,1,1,0.904351,0.904351,True
0022500505,2026-01-05,1610612745,1610612756,1,1,0.6068049,0.6068049,True
0022500506,2026-01-05,1610612760,1610612766,0,1,0.77794397,0.77794397,False
0022500507,2026-01-05,1610612755,1610612743,0,1,0.8465556,0.8465556,False
0022500504,2026-01-05,1610612761,1610612737,1,1,0.835566,0.835566,True
0022500503,2026-01-05,1610612738,1610612741,1,1,0.608967,0.608967,True
0022500502,2026-01-05,1610612765,1610612752,1,1,0.8166976,0.8166976,True
0022500508,2026-01-05,1610612746,1610612744,1,1,0.64403635,0.64403635,True
0022500511,2026-01-06,1610612764,1610612753,1,1,0.7380072,0.7380072,True
0022500513,2026-01-06,1610612750,1610612748,1,1,0.6428671,0.6428671,True
0022500512,2026-01-06,1610612763,1610612759,1,0,0.21788728,0.7821127,False
0022500514,2026-01-06,1610612740,1610612747,0,0,0.3691506,0.63084936,True
0022500510,2026-01-06,1610612754,1610612739,0,0,0.0577161,0.94228387,True
0022500515,2026-01-06,1610612758,1610612742,0,0,0.26684445,0.73315555,True
0022500518,2026-01-07,1610612755,1610612764,1,1,0.5386728,0.5386728,True
0022500525,2026-01-07,1610612760,1610612762,1,1,0.938669,0.938669,True
0022500522,2026-01-07,1610612752,1610612746,1,0,0.29068297,0.709317,False
0022500524,2026-01-07,1610612763,1610612756,0,0,0.4351901,0.5648099,True
0022500521,2026-01-07,1610612751,1610612753,0,1,0.51150835,0.51150835,False
0022500520,2026-01-07,1610612738,1610612743,0,1,0.941243,0.941243,False
0022500517,2026-01-07,1610612765,1610612741,1,1,0.619144,0.619144,True
0022500519,2026-01-07,1610612737,1610612740,1,1,0.5150658,0.5150658,True
0022500516,2026-01-07,1610612766,1610612761,0,1,0.6787856,0.6787856,False
0022500526,2026-01-07,1610612744,1610612749,1,1,0.8163627,0.8163627,True
0022500527,2026-01-07,1610612757,1610612745,1,1,0.6896213,0.6896213,True
0022500523,2026-01-07,1610612759,1610612747,1,1,0.70035136,0.70035136,True
0022500531,2026-01-08,1610612762,1610612742,0,0,0.26304144,0.73695856,True
0022500530,2026-01-08,1610612750,1610612739,1,0,0.45898354,0.54101646,False
0022500528,2026-01-08,1610612766,1610612754,0,1,0.9811065,0.9811065,False
0022500535,2026-01-09,1610612751,1610612746,0,0,0.42440242,0.5755976,True
0022500539,2026-01-09,1610612744,1610612758,1,1,0.9823523,0.9823523,True
0022500540,2026-01-09,1610612757,1610612745,1,1,0.6413583,0.6413583,True
0022500538,2026-01-09,1610612756,1610612752,1,1,0.8487805,0.8487805,True
0022500533,2026-01-09,1610612753,1610612755,0,1,0.6425547,0.6425547,False
0022500534,2026-01-09,1610612764,1610612740,0,1,0.9753895,0.9753895,False
0022500541,2026-01-09,1610612747,1610612749,0,1,0.8485088,0.8485088,False
0022500537,2026-01-09,1610612743,1610612737,0,1,0.79905736,0.79905736,False
0022500536,2026-01-09,1610612763,1610612760,0,0,0.3978735,0.6021265,True
0022500532,2026-01-09,1610612738,1610612761,1,1,0.8264123,0.8264123,True
0022500544,2026-01-10,1610612765,1610612746,0,1,0.5325462,0.5325462,False
0022500542,2026-01-10,1610612739,1610612750,1,1,0.59982055,0.59982055,True
0022500545,2026-01-10,1610612738,1610612759,0,1,0.7939696,0.7939696,False
0022500546,2026-01-10,1610612741,1610612742,1,1,0.6550643,0.6550643,True
0022500547,2026-01-10,1610612762,1610612766,0,0,0.22912937,0.7708706,True
0022500552,2026-01-11,1610612750,1610612759,1,1,0.6526149,0.6526149,True
0022500556,2026-01-11,1610612744,1610612737,0,1,0.8916895,0.8916895,False
0022500555,2026-01-11,1610612756,1610612764,1,1,0.84645486,0.84645486,True
0022500549,2026-01-11,1610612763,1610612751,1,1,0.5451342,0.5451342,True
0022500554,2026-01-11,1610612743,1610612749,1,0,0.43967068,0.5603293,False
0022500553,2026-01-11,1610612760,1610612748,1,1,0.8497206,0.8497206,True
0022500550,2026-01-11,1610612761,1610612755,0,0,0.41483462,0.5851654,True
0022500548,2026-01-11,1610612753,1610612740,1,1,0.97145826,0.97145826,True
0022500551,2026-01-11,1610612757,1610612752,0,1,0.9261239,0.9261239,False
0022500557,2026-01-11,1610612758,1610612745,1,0,0.12720245,0.87279755,False
0022500560,2026-01-12,1610612761,1610612755,0,0,0.4809385,0.5190615,True
0022500559,2026-01-12,1610612754,1610612738,1,0,0.10208027,0.8979197,False
0022500563,2026-01-12,1610612746,1610612766,1,1,0.8316686,0.8316686,True
0022500562,2026-01-12,1610612758,1610612747,1,0,0.17236602,0.827634,False
0022500561,2026-01-12,1610612742,1610612751,1,1,0.63036,0.63036,True
0022500558,2026-01-12,1610612739,1610612762,0,1,0.96114564,0.96114564,False
0022500565,2026-01-13,1610612745,1610612741,1,1,0.5258349,0.5258349,True
0022500567,2026-01-13,1610612740,1610612743,0,0,0.2093929,0.7906071,True
0022500569,2026-01-13,1610612747,1610612737,1,0,0.4672101,0.5327899,False
0022500566,2026-01-13,1610612749,1610612750,0,0,0.4616841,0.5383159,True
0022500564,2026-01-13,1610612748,1610612756,1,0,0.3955584,0.60444164,False
0022500568,2026-01-13,1610612760,1610612759,1,1,0.87073725,0.87073725,True
0022500574,2026-01-14,1610612740,1610612751,1,0,0.35653868,0.64346135,False
0022500576,2026-01-14,1610612758,1610612752,1,0,0.40276036,0.5972396,False
0022500573,2026-01-14,1610612741,1610612762,1,1,0.7169722,0.7169722,True
0022500572,2026-01-14,1610612755,1610612739,0,1,0.77765363,0.77765363,False
0022500577,2026-01-14,1610612746,1610612764,1,1,0.832876,0.832876,True
0022500571,2026-01-14,1610612754,1610612761,0,0,0.37038904,0.62961096,True
0022500575,2026-01-14,1610612742,1610612743,0,1,0.6268839,0.6268839,False
0022500579,2026-01-15,1610612765,1610612756,1,1,0.62472606,0.62472606,True
0022500580,2026-01-15,1610612748,1610612738,0,1,0.55881774,0.55881774,False
0022500586,2026-01-15,1610612747,1610612766,0,0,0.4524052,0.5475948,True
0022500585,2026-01-15,1610612757,1610612737,1,1,0.85453206,0.85453206,True
0022500581,2026-01-15,1610612745,1610612760,0,0,0.19764327,0.8023567,True
0022500583,2026-01-15,1610612742,1610612762,1,1,0.7901555,0.7901555,True
0022500584,2026-01-15,1610612744,1610612752,1,1,0.86003804,0.86003804,True
0022500592,2026-01-16,1610612758,1610612764,1,0,0.3916161,0.6083839,False
0022500588,2026-01-16,1610612754,1610612740,1,1,0.55260164,0.55260164,True
0022500589,2026-01-16,1610612755,1610612739,0,1,0.7671637,0.7671637,False
0022500587,2026-01-16,1610612751,1610612741,1,0,0.28263628,0.7173637,False
0022500591,2026-01-16,1610612745,1610612750,1,0,0.41256085,0.5874392,False
0022500590,2026-01-16,1610612761,1610612746,0,0,0.32876593,0.6712341,True
0022500597,2026-01-17,1610612748,1610612760,1,0,0.22420862,0.7757914,False
0022500599,2026-01-17,1610612744,1610612766,1,1,0.68387043,0.68387043,True
0022500600,2026-01-17,1610612743,1610612764,1,1,0.84810644,0.84810644,True
0022500596,2026-01-17,1610612752,1610612756,0,0,0.3546354,0.64536464,True
0022500594,2026-01-17,1610612737,1610612738,0,1,0.5322449,0.5322449,False
0022500593,2026-01-17,1610612742,1610612762,1,1,0.9557009,0.9557009,True
0022500595,2026-01-17,1610612765,1610612754,1,1,0.8837772,0.8837772,True
0022500598,2026-01-17,1610612759,1610612750,1,0,0.44634348,0.5536565,False
0022500601,2026-01-17,1610612757,1610612747,1,1,0.89128685,0.89128685,True
0022500603,2026-01-18,1610612741,1610612751,1,1,0.7844324,0.7844324,True
0022500605,2026-01-18,1610612743,1610612766,0,1,0.8247986,0.8247986,False
0022500607,2026-01-18,1610612747,1610612761,1,1,0.5730639,0.5730639,True
0022500604,2026-01-18,1610612745,1610612740,1,1,0.87965333,0.87965333,True
0022500606,2026-01-18,1610612758,1610612757,0,0,0.25926855,0.7407315,True
0022500016,2026-01-19,1610612752,1610612742,0,0,0.2029493,0.7970507,True
0022500611,2026-01-19,1610612759,1610612762,1,1,0.9604182,0.9604182,True
0022500017,2026-01-19,1610612765,1610612738,1,0,0.45668742,0.54331255,False
0022500014,2026-01-19,1610612737,1610612749,0,1,0.6514261,0.6514261,False
0022500609,2026-01-19,1610612755,1610612754,1,1,0.93133914,0.93133914,True
0022500612,2026-01-19,1610612744,1610612748,1,1,0.83022565,0.83022565,True
0022500610,2026-01-19,1610612751,1610612756,0,0,0.22499758,0.7750024,True
0022500608,2026-01-19,1610612764,1610612746,0,0,0.11550306,0.8844969,True
0022500015,2026-01-19,1610612739,1610612760,0,1,0.55273926,0.55273926,False
0022500619,2026-01-20,1610612758,1610612748,0,0,0.4766037,0.5233963,True
0022500613,2026-01-20,1610612755,1610612756,0,1,0.7692857,0.7692857,False
0022500618,2026-01-20,1610612744,1610612761,0,1,0.91421825,0.91421825,False
0022500616,2026-01-20,1610612762,1610612750,1,0,0.10354759,0.8964524,False
0022500615,2026-01-20,1610612745,1610612759,1,1,0.5730414,0.5730414,True
0022500617,2026-01-20,1610612743,1610612747,0,1,0.7529047,0.7529047,False
0022500614,2026-01-20,1610612741,1610612746,1,0,0.35541046,0.64458954,False
0022500623,2026-01-21,1610612763,1610612737,0,1,0.66821146,0.66821146,False
0022500624,2026-01-21,1610612740,1610612765,0,0,0.16189423,0.8381058,True
0022500620,2026-01-21,1610612766,1610612739,0,1,0.74372864,0.74372864,False
0022500626,2026-01-21,1610612758,1610612761,0,1,0.5060029,0.5060029,False
0022500625,2026-01-21,1610612749,1610612760,0,0,0.23434623,0.7656538,True
0022500621,2026-01-21,1610612738,1610612754,1,1,0.8772838,0.8772838,True
0022500634,2026-01-22,1610612757,1610612748,1,1,0.8984156,0.8984156,True
0022500628,2026-01-22,1610612755,1610612745,1,1,0.7030777,0.7030777,True
0022500629,2026-01-22,1610612764,1610612743,0,0,0.3929552,0.6070448,True
0022500630,2026-01-22,1610612742,1610612744,1,1,0.7880362,0.7880362,True
0022500627,2026-01-22,1610612753,1610612766,0,1,0.69861424,0.69861424,False
0022500633,2026-01-22,1610612746,1610612747,1,1,0.8504965,0.8504965,True
0022500632,2026-01-22,1610612762,1610612759,0,0,0.29528278,0.7047172,True
0022500631,2026-01-22,1610612750,1610612741,0,1,0.6356584,0.6356584,False
0022500637,2026-01-23,1610612751,1610612738,0,0,0.202015,0.797985,True
0022500635,2026-01-23,1610612765,1610612745,0,1,0.86290884,0.86290884,False
0022500636,2026-01-23,1610612737,1610612756,1,0,0.33478534,0.66521466,False
0022500639,2026-01-23,1610612763,1610612740,0,1,0.6327813,0.6327813,False
0022500640,2026-01-23,1610612749,1610612743,0,0,0.37561944,0.6243806,True
0022500641,2026-01-23,1610612760,1610612754,0,1,0.9632937,0.9632937,False
0022500638,2026-01-23,1610612739,1610612758,1,1,0.827887,0.827887,True
0022500642,2026-01-23,1610612757,1610612761,0,1,0.9385053,0.9385053,False
0022500643,2026-01-24,1610612755,1610612752,0,1,0.9213127,0.9213127,False
0022500645,2026-01-24,1610612766,1610612764,1,1,0.89521617,0.89521617,True
0022500647,2026-01-24,1610612741,1610612738,1,1,0.57542014,0.57542014,True
0022500649,2026-01-24,1610612762,1610612748,0,0,0.3001689,0.6998311,True
0022500646,2026-01-24,1610612753,1610612739,0,1,0.58056635,0.58056635,False
0022500648,2026-01-24,1610612742,1610612747,0,1,0.95160073,0.95160073,False
0022500656,2026-01-25,1610612746,1610612751,1,1,0.973258,0.973258,True
0022500654,2026-01-25,1610612759,1610612740,0,1,0.79091686,0.79091686,False
0022500653,2026-01-25,1610612760,1610612761,0,1,0.8570322,0.8570322,False
0022500655,2026-01-25,1610612756,1610612748,0,1,0.71193147,0.71193147,False
0022500644,2026-01-25,1610612750,1610612744,0,0,0.477166,0.522834,True
0022500650,2026-01-25,1610612765,1610612758,1,1,0.8862987,0.8862987,True
0022500663,2026-01-26,1610612750,1610612744,1,0,0.4460494,0.5539506,False
0022500660,2026-01-26,1610612738,1610612757,1,0,0.28104258,0.7189574,False
0022500658,2026-01-26,1610612739,1610612753,1,1,0.89113647,0.89113647,True
0022500662,2026-01-26,1610612745,1610612763,1,1,0.8243389,0.8243389,True
0022500659,2026-01-26,1610612737,1610612754,1,1,0.6029087,0.6029087,True
0022500657,2026-01-26,1610612766,1610612755,1,1,0.581035,0.581035,True
0022500661,2026-01-26,1610612741,1610612747,0,1,0.8610278,0.8610278,False
0022500666,2026-01-27,1610612755,1610612749,1,1,0.8004009,0.8004009,True
0022500667,2026-01-27,1610612760,1610612740,1,1,0.8557407,0.8557407,True
0022500664,2026-01-27,1610612764,1610612757,1,0,0.10065638,0.8993436,False
0022500670,2026-01-27,1610612762,1610612746,0,0,0.06591178,0.93408823,True
0022500668,2026-01-27,1610612743,1610612765,0,0,0.44627017,0.55372983,True
0022500669,2026-01-27,1610612756,1610612751,1,1,0.97329354,0.97329354,True
0022500665,2026-01-27,1610612752,1610612758,1,1,0.5502029,0.5502029,True
0022500673,2026-01-28,1610612738,1610612737,0,1,0.5915286,0.5915286,False
0022500674,2026-01-28,1610612748,1610612753,0,1,0.78251296,0.78251296,False
0022500671,2026-01-28,1610612739,1610612747,1,1,0.86042166,0.86042166,True
0022500679,2026-01-28,1610612745,1610612759,0,1,0.72792685,0.72792685,False
0022500676,2026-01-28,1610612763,1610612766,0,0,0.1967372,0.8032628,True
0022500677,2026-01-28,1610612742,1610612750,0,1,0.8699884,0.8699884,False
0022500672,2026-01-28,1610612754,1610612741,1,0,0.41618875,0.5838113,False
0022500678,2026-01-28,1610612762,1610612744,0,0,0.20632395,0.793676,True
0022500675,2026-01-28,1610612761,1610612752,0,1,0.72773635,0.72773635,False
0022500681,2026-01-29,1610612764,1610612749,1,0,0.3241762,0.6758238,False
0022500685,2026-01-29,1610612756,1610612765,1,0,0.3984465,0.6015535,False
0022500686,2026-01-29,1610612750,1610612760,1,0,0.40379724,0.59620273,False
0022500684,2026-01-29,1610612743,1610612751,1,1,0.9773367,0.9773367,True
0022500683,2026-01-29,1610612742,1610612766,0,0,0.49191877,0.5080812,True
0022500680,2026-01-29,1610612755,1610612758,1,1,0.70478135,0.70478135,True
0022500529,2026-01-29,1610612741,1610612748,0,1,0.7299564,0.7299564,False
0022500682,2026-01-29,1610612737,1610612745,0,1,0.6675881,0.6675881,False
0022500693,2026-01-30,1610612756,1610612739,1,0,0.3061441,0.6938559,False
0022500688,2026-01-30,1610612764,1610612747,0,0,0.25818,0.74182,True
0022500694,2026-01-30,1610612762,1610612751,0,1,0.77267087,0.77267087,False
0022500691,2026-01-30,1610612740,1610612763,1,1,0.7720127,0.7720127,True
0022500689,2026-01-30,1610612738,1610612758,1,1,0.8305802,0.8305802,True
0022500690,2026-01-30,1610612752,1610612757,1,0,0.446589,0.553411,False
0022500696,2026-01-30,1610612744,1610612765,0,1,0.5520875,0.5520875,False
0022500695,2026-01-30,1610612743,1610612746,1,0,0.1782603,0.8217397,False
0022500687,2026-01-30,1610612753,1610612761,1,0,0.44044802,0.55955195,False
0022500700,2026-01-31,1610612763,1610612750,0,0,0.17723633,0.8227637,True
0022500701,2026-01-31,1610612745,1610612742,1,1,0.8316314,0.8316314,True
0022500699,2026-01-31,1610612755,1610612740,1,1,0.67326826,0.67326826,True
0022500698,2026-01-31,1610612754,1610612737,1,1,0.63457996,0.63457996,True
0022500697,2026-01-31,1610612766,1610612759,1,1,0.76845556,0.76845556,True
0022500692,2026-01-31,1610612748,1610612741,0,1,0.7736547,0.7736547,False
0022500705,2026-02-01,1610612748,1610612741,1,1,0.5891399,0.5891399,True
0022500710,2026-02-01,1610612757,1610612739,0,0,0.4175699,0.5824301,True
0022500706,2026-02-01,1610612761,1610612762,1,1,0.9503854,0.9503854,True
0022500711,2026-02-01,1610612743,1610612760,0,1,0.7421217,0.7421217,False
0022500707,2026-02-01,1610612764,1610612758,1,1,0.54646313,0.54646313,True
0022500708,2026-02-01,1610612752,1610612747,1,1,0.5383699,0.5383699,True
0022500702,2026-02-01,1610612738,1610612749,1,1,0.8438491,0.8438491,True
0022500709,2026-02-01,1610612756,1610612746,0,0,0.39362285,0.6063771,True
0022500703,2026-02-01,1610612759,1610612753,1,1,0.6251777,0.6251777,True
0022500704,2026-02-01,1610612765,1610612751,1,1,0.9578848,0.9578848,True
0022500712,2026-02-02,1610612766,1610612740,1,1,0.8922164,0.8922164,True
0022500713,2026-02-02,1610612754,1610612745,0,0,0.473138,0.526862,True
0022500715,2026-02-02,1610612746,1610612755,0,1,0.9113094,0.9113094,False
0022500714,2026-02-02,1610612763,1610612750,1,0,0.18685827,0.8131417,False
0022500716,2026-02-03,1610612765,1610612743,1,1,0.87843776,0.87843776,True
0022500723,2026-02-03,1610612760,1610612753,1,1,0.84336334,0.84336334,True
0022500718,2026-02-03,1610612764,1610612752,0,0,0.2992921,0.7007079,True
0022500719,2026-02-03,1610612751,1610612747,0,0,0.2194215,0.7805785,True
0022500722,2026-02-03,1610612749,1610612741,1,0,0.18764326,0.8123567,False
0022500720,2026-02-03,1610612748,1610612737,0,1,0.8438756,0.8438756,False
0022500724,2026-02-03,1610612744,1610612755,0,1,0.52283597,0.52283597,False
0022500721,2026-02-03,1610612742,1610612738,0,0,0.4723492,0.52765083,True
0022500725,2026-02-03,1610612757,1610612756,0,0,0.487114,0.512886,True
0022500729,2026-02-04,1610612749,1610612740,1,0,0.41582397,0.58417606,False
0022500731,2026-02-04,1610612758,1610612763,0,0,0.3756629,0.6243371,True
0022500726,2026-02-04,1610612752,1610612743,1,1,0.7980363,0.7980363,True
0022500730,2026-02-04,1610612759,1610612760,1,1,0.52386016,0.52386016,True
0022500732,2026-02-04,1610612746,1610612739,0,0,0.3741957,0.6258043,True
0022500728,2026-02-04,1610612745,1610612738,0,1,0.75479496,0.75479496,False
0022500733,2026-02-05,1610612765,1610612764,0,1,0.947026,0.947026,False
0022500737,2026-02-05,1610612745,1610612766,0,0,0.38381183,0.61618817,True
0022500739,2026-02-05,1610612756,1610612744,0,1,0.8602522,0.8602522,False
0022500736,2026-02-05,1610612761,1610612741,1,1,0.71499443,0.71499443,True
0022500738,2026-02-05,1610612742,1610612759,0,0,0.4201876,0.5798124,True
0022500740,2026-02-05,1610612747,1610612755,1,0,0.46887192,0.53112805,False
0022500734,2026-02-05,1610612753,1610612751,1,1,0.7887102,0.7887102,True
0022500735,2026-02-05,1610612737,1610612762,1,1,0.9677752,0.9677752,True
0022500743,2026-02-06,1610612749,1610612754,1,0,0.3893223,0.6106777,False
0022500744,2026-02-06,1610612750,1610612740,0,1,0.7232076,0.7232076,False
0022500746,2026-02-06,1610612758,1610612746,0,0,0.082567796,0.9174322,True
0022500741,2026-02-06,1610612738,1610612748,1,1,0.7992107,0.7992107,True
0022500745,2026-02-06,1610612757,1610612763,1,1,0.77743715,0.77743715,True
0022500755,2026-02-07,1610612757,1610612763,1,1,0.7260054,0.7260054,True
0022500751,2026-02-07,1610612737,1610612766,0,0,0.1811506,0.8188494,True
0022500748,2026-02-07,1610612760,1610612745,0,1,0.54569596,0.54569596,False
0022500747,2026-02-07,1610612751,1610612764,1,0,0.19365059,0.8063494,False
0022500756,2026-02-07,1610612758,1610612739,0,0,0.03209723,0.9679028,True
0022500749,2026-02-07,1610612759,1610612742,1,1,0.8474325,0.8474325,True
0022500752,2026-02-07,1610612741,1610612743,0,1,0.5648867,0.5648867,False
0022500754,2026-02-07,1610612756,1610612755,0,1,0.6202156,0.6202156,False
0022500753,2026-02-07,1610612747,1610612744,1,1,0.8773229,0.8773229,True
0022500750,2026-02-07,1610612753,1610612762,1,1,0.9148482,0.9148482,True
0022500760,2026-02-08,1610612750,1610612746,0,0,0.4442031,0.55579686,True
0022500759,2026-02-08,1610612761,1610612754,1,1,0.83009106,0.83009106,True
0022500757,2026-02-08,1610612738,1610612752,0,1,0.67399335,0.67399335,False
0022500758,2026-02-08,1610612764,1610612748,0,0,0.4241648,0.5758352,True
